,,,p50_ms,p50_ms,p95_ms,p95_ms,p99_ms,p99_ms,throughput_rps,throughput_rps,cpu_percent,cpu_percent,error_rate,error_rate
,,,mean,std,mean,std,mean,std,mean,std,mean,std,mean,std
protocol,payload_class,concurrency,,,,,,,,,,,,
grpc,lg,10,87.21,1.48,138.47,2.87,164.6,7.38,108.8,2.04,36.26,,0.0,0.0
grpc,lg,50,451.94,81.83,748.16,208.49,857.06,237.79,98.61,16.54,33.38,2.22,0.0,0.0
grpc,lg,200,1613.08,22.36,2078.31,10.15,2305.55,158.16,111.83,0.9,30.25,1.16,0.0,0.0
grpc,md,10,29.31,0.4,48.32,1.4,58.9,4.54,321.09,6.05,40.18,1.69,0.0,0.0
grpc,md,50,133.38,2.24,201.39,7.4,237.8,17.9,332.19,3.8,36.45,1.2,0.0,0.0
grpc,md,200,512.82,1.9,715.62,21.61,823.36,61.0,328.62,1.94,31.94,1.51,0.0,0.0
grpc,sm,10,4.32,0.01,7.77,0.07,10.53,0.17,2006.58,2.01,,,0.0,0.0
grpc,sm,50,19.27,1.4,34.88,5.55,44.82,8.18,2185.04,250.92,52.23,,0.0,0.0
grpc,sm,200,61.71,0.66,99.31,0.09,116.15,1.5,2428.42,4.17,48.47,3.17,0.0,0.0
grpc,xl,10,173.09,0.98,254.99,10.9,306.44,8.93,56.87,0.07,29.17,5.87,0.0,0.0
grpc,xl,50,883.39,67.36,1234.34,48.83,1380.95,63.5,53.91,3.83,36.67,5.81,0.0,0.0
grpc,xl,200,3711.86,489.47,4810.1,419.27,5396.77,68.27,51.29,4.52,31.41,0.5,0.0,0.0
grpc,xs,10,2.42,0.0,3.76,0.05,4.99,0.23,3385.68,19.96,31.44,11.28,0.0,0.0
grpc,xs,50,4.39,0.04,10.55,0.3,13.16,0.08,7995.56,68.99,35.04,7.64,0.0,0.0
grpc,xs,200,13.68,0.16,32.81,0.03,42.5,1.34,8664.59,35.35,39.01,0.68,0.0,0.0
rest,lg,10,60.59,5.81,77.45,14.27,86.13,15.93,163.54,16.9,98.59,1.94,0.0,0.0
rest,lg,50,278.52,2.86,329.15,29.17,421.23,95.73,176.32,5.42,83.22,23.7,0.0,0.0
rest,lg,200,1079.55,144.99,1767.11,645.07,2104.66,650.32,170.53,33.86,99.32,0.94,0.0,0.0
rest,md,10,21.69,2.56,33.37,5.94,38.0,7.88,458.9,47.19,99.95,0.04,0.0,0.0
rest,md,50,104.61,0.5,115.3,0.0,156.78,21.99,475.05,2.9,99.98,0.02,0.0,0.0
rest,md,200,395.35,14.04,502.92,94.56,1028.16,371.8,461.89,50.75,99.94,0.07,0.0,0.0
rest,sm,10,2.55,0.05,4.12,0.78,6.22,0.89,3401.15,216.58,94.02,1.96,0.0,0.0
rest,sm,50,12.7,0.22,23.3,0.72,30.74,0.28,3717.76,55.31,99.78,0.1,0.0,0.0
rest,sm,200,52.68,1.61,84.84,2.98,106.2,6.63,3547.66,155.44,97.55,3.23,0.0,0.0
rest,xl,10,107.48,8.56,214.55,21.94,256.46,65.99,78.88,12.47,71.89,,0.0,0.0
rest,xl,50,494.08,13.07,697.71,10.2,1043.56,14.06,95.71,1.31,99.98,0.01,0.0,0.0
rest,xl,200,1915.21,83.0,3557.28,1279.72,4615.77,1236.69,88.16,13.76,99.87,0.17,0.0,0.0
rest,xs,10,2.22,0.02,2.87,0.14,4.5,0.32,4039.88,75.15,39.22,1.55,0.0,0.0
rest,xs,50,5.7,1.03,18.55,5.5,29.73,10.71,6784.82,1686.42,62.47,1.5,0.0,0.0
rest,xs,200,25.7,5.95,77.63,19.28,116.69,52.83,6083.49,1701.79,51.55,9.48,0.0,0.0
