protocol,payload_class,concurrency,rep,block,start_ts,end_ts,gen_cpu_pct,gen_rss_mb
rest,sm,500,4,1,1791000883,1791000944,146.0,343
rest,xl,100,5,1,1791000959,1791001020,38.7,79
rest,xl,10,5,1,1791001035,1791001096,44.1,43
rest,xl,10,4,1,1791001111,1791001171,44.3,44
rest,sm,10,3,1,1791001187,1791001247,73.3,89
rest,sm,500,2,1,1791001262,1791001323,146.0,343
rest,md,500,2,1,1791001339,1791001399,60.5,247
rest,lg,10,1,1,1791001415,1791001475,44.2,45
rest,sm,100,4,1,1791001490,1791001550,130.8,182
rest,lg,10,3,1,1791001566,1791001626,44.1,45
rest,lg,100,4,1,1791001642,1791001702,43.7,81
rest,sm,100,5,1,1791001718,1791001778,130.6,181
rest,xs,100,5,1,1791001793,1791001855,351.2,539
rest,sm,500,5,1,1791001870,1791001930,145.2,342
rest,xl,500,4,1,1791001947,1791002010,40.2,239
rest,sm,10,2,1,1791002025,1791002085,73.5,94
rest,xs,100,3,1,1791002100,1791002162,344.6,578
rest,xl,500,3,1,1791002179,1791002241,40.2,237
rest,xl,100,2,1,1791002257,1791002318,39.0,80
rest,sm,100,1,1,1791002333,1791002393,130.8,181
rest,md,10,2,1,1791002409,1791002469,61.5,53
rest,xl,10,2,1,1791002484,1791002544,44.5,43
rest,lg,100,3,1,1791002560,1791002621,44.0,82
rest,xl,500,1,1,1791002637,1791002700,40.6,238
rest,lg,10,2,1,1791002715,1791002775,44.1,45
rest,md,500,1,1,1791002791,1791002852,60.5,248
rest,sm,10,1,1,1791002867,1791002927,73.3,94
rest,xl,500,2,1,1791002944,1791003006,40.8,233
rest,lg,500,3,1,1791003023,1791003084,44.9,238
rest,xs,100,2,1,1791003100,1791003161,351.6,666
rest,sm,100,3,1,1791003176,1791003237,130.6,179
rest,lg,500,2,1,1791003253,1791003315,44.6,239
rest,xs,10,1,1,1791003330,1791003390,58.2,93
rest,xs,10,4,1,1791003405,1791003466,58.1,93
rest,md,10,3,1,1791003481,1791003541,61.6,54
rest,xs,500,5,1,1791003557,1791003618,413.0,781
rest,md,500,4,1,1791003634,1791003695,60.6,247
rest,lg,500,4,1,1791003711,1791003773,44.8,240
rest,md,500,5,1,1791003788,1791003849,60.6,247
rest,xl,100,1,1,1791003865,1791003926,38.4,81
rest,xs,500,1,1,1791003941,1791004003,412.9,745
rest,xl,100,3,1,1791004018,1791004079,38.8,80
rest,lg,100,2,1,1791004095,1791004155,44.0,82
rest,sm,100,2,1,1791004171,1791004231,130.5,181
rest,xs,500,2,1,1791004246,1791004308,411.5,805
rest,lg,500,5,1,1791004324,1791004386,44.8,240
rest,xl,100,4,1,1791004401,1791004462,38.8,80
rest,lg,10,5,1,1791004477,1791004538,44.0,46
rest,lg,100,5,1,1791004553,1791004614,44.2,81
rest,xs,500,4,1,1791004629,1791004691,416.1,790
rest,md,10,4,1,1791004706,1791004766,61.4,54
rest,xl,500,5,1,1791004783,1791004846,40.4,240
rest,md,10,1,1,1791004861,1791004921,61.9,54
rest,lg,500,1,1,1791004938,1791004999,44.6,239
rest,sm,10,5,1,1791005014,1791005075,73.4,90
rest,md,100,4,1,1791005090,1791005150,62.4,92
rest,xl,10,1,1,1791005166,1791005226,44.1,44
rest,md,100,1,1,1791005241,1791005302,62.2,91
rest,sm,500,1,1,1791005317,1791005378,145.2,341
rest,md,100,5,1,1791005393,1791005453,62.4,90
rest,xs,10,3,1,1791005469,1791005529,58.2,87
rest,xs,100,4,1,1791005544,1791005606,348.7,510
rest,xs,10,5,1,1791005621,1791005681,58.0,92
rest,xs,100,1,1,1791005696,1791005758,345.6,561
rest,md,10,5,1,1791005773,1791005833,61.8,56
rest,xl,10,3,1,1791005849,1791005909,44.2,43
rest,md,100,3,1,1791005924,1791005985,62.3,92
rest,sm,10,4,1,1791006000,1791006060,73.4,91
rest,lg,10,4,1,1791006076,1791006136,44.0,45
rest,xs,10,2,1,1791006151,1791006211,58.0,88
rest,xs,500,3,1,1791006227,1791006288,413.4,775
rest,sm,500,3,1,1791006304,1791006364,145.6,341
rest,md,100,2,1,1791006380,1791006440,62.2,91
rest,md,500,3,1,1791006456,1791006516,60.6,245
rest,lg,100,1,1,1791006532,1791006593,43.8,81
grpc,sm,500,4,1,1791006610,1791006670,317.3,441
grpc,xl,100,5,1,1791006686,1791006746,321.4,722
grpc,xl,10,5,1,1791006761,1791006822,342.8,244
grpc,xl,10,4,1,1791006837,1791006897,335.6,228
grpc,sm,10,3,1,1791006913,1791006973,188.7,79
grpc,sm,500,2,1,1791006988,1791007049,316.9,435
grpc,md,500,2,1,1791007065,1791007125,457.3,957
grpc,lg,10,1,1,1791007140,1791007201,368.5,139
grpc,sm,100,4,1,1791007216,1791007276,349.6,208
grpc,lg,10,3,1,1791007292,1791007352,364.1,130
grpc,lg,100,4,1,1791007367,1791007428,348.5,388
grpc,sm,100,5,1,1791007443,1791007503,348.1,186
grpc,xs,100,5,1,1791007519,1791007579,376.1,200
grpc,sm,500,5,1,1791007595,1791007655,317.5,434
grpc,xl,500,4,1,1791007672,1791007733,431.4,3319
grpc,sm,10,2,1,1791007749,1791007809,188.1,79
grpc,xs,100,3,1,1791007824,1791007885,374.9,181
grpc,xl,500,3,1,1791007901,1791007962,421.2,3248
grpc,xl,100,2,1,1791007978,1791008039,317.9,799
grpc,sm,100,1,1,1791008054,1791008114,340.9,199
grpc,md,10,2,1,1791008129,1791008190,348.9,95
grpc,xl,10,2,1,1791008205,1791008265,336.5,233
grpc,lg,100,3,1,1791008281,1791008341,337.2,377
grpc,xl,500,1,1,1791008358,1791008419,434.3,3303
grpc,lg,10,2,1,1791008434,1791008495,357.6,132
grpc,md,500,1,1,1791008510,1791008571,470.3,867
grpc,sm,10,1,1,1791008586,1791008647,187.5,81
grpc,xl,500,2,1,1791008663,1791008725,428.0,3127
grpc,lg,500,3,1,1791008741,1791008802,437.9,1844
grpc,xs,100,2,1,1791008817,1791008877,374.7,181
grpc,sm,100,3,1,1791008893,1791008953,347.7,174
grpc,lg,500,2,1,1791008969,1791009030,462.4,1821
grpc,xs,10,1,1,1791009045,1791009106,72.0,58
grpc,xs,10,4,1,1791009121,1791009181,72.1,58
grpc,md,10,3,1,1791009196,1791009257,353.2,94
grpc,xs,500,5,1,1791009272,1791009333,408.4,372
grpc,md,500,4,1,1791009348,1791009409,468.6,947
grpc,lg,500,4,1,1791009425,1791009486,472.5,1831
grpc,md,500,5,1,1791009502,1791009562,472.9,918
grpc,xl,100,1,1,1791009578,1791009638,320.3,695
grpc,xs,500,1,1,1791009654,1791009714,407.5,372
grpc,xl,100,3,1,1791009730,1791009790,318.7,773
grpc,lg,100,2,1,1791009806,1791009866,330.9,391
grpc,sm,100,2,1,1791009882,1791009942,347.5,181
grpc,xs,500,2,1,1791009957,1791010018,407.8,383
grpc,lg,500,5,1,1791010034,1791010095,471.0,1748
grpc,xl,100,4,1,1791010111,1791010171,328.2,668
grpc,lg,10,5,1,1791010186,1791010247,357.2,144
grpc,lg,100,5,1,1791010262,1791010323,331.0,421
grpc,xs,500,4,1,1791010338,1791010399,406.1,373
grpc,md,10,4,1,1791010414,1791010474,351.3,91
grpc,xl,500,5,1,1791010491,1791010552,439.5,3357
grpc,md,10,1,1,1791010567,1791010627,355.4,94
grpc,lg,500,1,1,1791010644,1791010705,457.5,1793
grpc,sm,10,5,1,1791010720,1791010780,188.1,81
grpc,md,100,4,1,1791010796,1791010856,365.3,225
grpc,xl,10,1,1,1791010871,1791010931,337.0,250
grpc,md,100,1,1,1791010947,1791011007,366.9,262
grpc,sm,500,1,1,1791011023,1791011083,316.9,437
grpc,md,100,5,1,1791011099,1791011159,362.3,242
grpc,xs,10,3,1,1791011174,1791011234,72.1,58
grpc,xs,100,4,1,1791011250,1791011310,375.5,181
grpc,xs,10,5,1,1791011325,1791011386,72.2,59
grpc,xs,100,1,1,1791011401,1791011461,376.2,194
grpc,md,10,5,1,1791011477,1791011537,351.1,90
grpc,xl,10,3,1,1791011552,1791011613,335.4,228
grpc,md,100,3,1,1791011628,1791011688,359.8,236
grpc,sm,10,4,1,1791011704,1791011764,188.0,79
grpc,lg,10,4,1,1791011779,1791011839,365.0,136
grpc,xs,10,2,1,1791011855,1791011915,72.4,58
grpc,xs,500,3,1,1791011930,1791011991,408.2,411
grpc,sm,500,3,1,1791012006,1791012067,316.0,439
grpc,md,100,2,1,1791012082,1791012142,363.7,249
grpc,md,500,3,1,1791012158,1791012219,471.6,968
grpc,lg,100,1,1,1791012234,1791012295,341.8,424
grpc,md,10,7,2,1791012311,1791012371,352.7,90
grpc,lg,500,7,2,1791012387,1791012448,478.1,1739
grpc,xl,500,6,2,1791012464,1791012526,436.8,3277
grpc,lg,10,9,2,1791012541,1791012601,358.2,147
grpc,lg,10,10,2,1791012617,1791012677,354.9,171
grpc,xl,10,10,2,1791012692,1791012752,336.4,268
grpc,md,500,9,2,1791012768,1791012829,477.6,913
grpc,xs,10,6,2,1791012844,1791012904,73.1,59
grpc,sm,500,6,2,1791012920,1791012980,317.2,437
grpc,sm,100,8,2,1791012996,1791013056,349.7,187
grpc,md,10,10,2,1791013071,1791013132,356.8,94
grpc,xl,100,9,2,1791013147,1791013208,318.6,742
grpc,md,500,7,2,1791013223,1791013284,474.2,876
grpc,xl,100,7,2,1791013300,1791013360,319.7,703
grpc,md,10,6,2,1791013375,1791013436,353.5,95
grpc,sm,100,9,2,1791013451,1791013511,349.0,179
grpc,xl,100,8,2,1791013527,1791013587,324.4,737
grpc,md,100,9,2,1791013603,1791013663,362.3,250
grpc,sm,500,9,2,1791013679,1791013739,315.4,439
grpc,md,500,10,2,1791013755,1791013816,471.4,969
grpc,xl,10,7,2,1791013831,1791013891,338.7,251
grpc,sm,100,6,2,1791013906,1791013967,349.4,183
grpc,xl,10,6,2,1791013982,1791014042,338.5,242
grpc,lg,10,6,2,1791014058,1791014118,353.6,130
grpc,xs,100,6,2,1791014133,1791014194,374.2,182
grpc,sm,500,10,2,1791014209,1791014270,317.5,437
grpc,md,500,6,2,1791014285,1791014346,474.2,898
grpc,md,100,8,2,1791014361,1791014422,367.5,239
grpc,xl,500,9,2,1791014438,1791014500,441.8,3343
grpc,xs,500,6,2,1791014515,1791014576,406.4,375
grpc,lg,100,10,2,1791014591,1791014652,346.3,446
grpc,xs,100,9,2,1791014667,1791014727,374.6,182
grpc,sm,10,9,2,1791014743,1791014803,188.8,78
grpc,lg,500,8,2,1791014819,1791014880,467.4,1792
grpc,xs,500,7,2,1791014895,1791014956,407.2,383
grpc,lg,100,8,2,1791014971,1791015032,349.1,401
grpc,md,100,7,2,1791015047,1791015107,370.4,230
grpc,lg,500,6,2,1791015124,1791015185,455.0,1711
grpc,xl,500,8,2,1791015201,1791015263,434.9,3126
grpc,sm,10,8,2,1791015278,1791015338,187.7,79
grpc,xl,100,10,2,1791015354,1791015415,320.6,777
grpc,xs,10,10,2,1791015430,1791015490,72.5,58
grpc,xs,500,10,2,1791015506,1791015566,408.2,387
grpc,md,100,10,2,1791015581,1791015642,359.2,227
grpc,lg,100,6,2,1791015657,1791015718,343.2,367
grpc,xs,500,8,2,1791015733,1791015794,408.4,378
grpc,xs,10,9,2,1791015809,1791015869,72.0,58
grpc,sm,100,7,2,1791015884,1791015945,348.2,185
grpc,xl,100,6,2,1791015960,1791016021,319.5,805
grpc,sm,500,8,2,1791016036,1791016097,318.6,438
grpc,xs,100,10,2,1791016112,1791016172,376.1,179
grpc,sm,10,7,2,1791016188,1791016248,189.0,79
grpc,lg,10,7,2,1791016263,1791016324,363.2,138
grpc,sm,500,7,2,1791016339,1791016399,317.8,440
grpc,lg,10,8,2,1791016415,1791016475,364.2,133
grpc,md,10,8,2,1791016490,1791016551,352.3,94
grpc,xl,10,8,2,1791016566,1791016626,338.5,243
grpc,sm,100,10,2,1791016642,1791016702,348.5,189
grpc,xl,500,10,2,1791016718,1791016780,444.1,3207
grpc,xs,100,8,2,1791016795,1791016856,375.2,189
grpc,xs,500,9,2,1791016871,1791016932,408.7,375
grpc,sm,10,10,2,1791016947,1791017007,186.9,78
grpc,lg,500,10,2,1791017023,1791017084,455.3,1729
grpc,xs,10,8,2,1791017099,1791017160,72.6,59
grpc,lg,100,9,2,1791017175,1791017236,342.5,394
grpc,xs,10,7,2,1791017251,1791017311,72.8,58
grpc,xl,10,9,2,1791017326,1791017387,339.4,233
grpc,lg,500,9,2,1791017403,1791017464,455.9,1755
grpc,md,500,8,2,1791017479,1791017540,471.7,916
grpc,xs,100,7,2,1791017555,1791017616,374.5,194
grpc,xl,500,7,2,1791017632,1791017694,445.8,3303
grpc,sm,10,6,2,1791017709,1791017769,188.1,80
grpc,lg,100,7,2,1791017785,1791017845,327.5,428
grpc,md,100,6,2,1791017861,1791017921,357.5,235
grpc,md,10,9,2,1791017936,1791017996,353.7,92
rest,md,10,7,2,1791018012,1791018072,61.6,56
rest,lg,500,7,2,1791018089,1791018150,44.7,240
rest,xl,500,6,2,1791018168,1791018230,40.1,230
rest,lg,10,9,2,1791018246,1791018306,44.1,45
rest,lg,10,10,2,1791018321,1791018381,44.0,46
rest,xl,10,10,2,1791018397,1791018457,43.9,44
rest,md,500,9,2,1791018473,1791018534,60.5,247
rest,xs,10,6,2,1791018549,1791018609,57.9,87
rest,sm,500,6,2,1791018625,1791018685,146.2,347
rest,sm,100,8,2,1791018700,1791018761,130.6,171
rest,md,10,10,2,1791018776,1791018836,61.6,54
rest,xl,100,9,2,1791018852,1791018913,38.8,80
rest,md,500,7,2,1791018928,1791018989,60.5,249
rest,xl,100,7,2,1791019005,1791019066,38.9,80
rest,md,10,6,2,1791019081,1791019141,61.5,55
rest,sm,100,9,2,1791019156,1791019217,130.2,173
rest,xl,100,8,2,1791019233,1791019293,39.0,80
rest,md,100,9,2,1791019309,1791019369,62.2,91
rest,sm,500,9,2,1791019384,1791019445,145.6,343
rest,md,500,10,2,1791019461,1791019521,60.6,247
rest,xl,10,7,2,1791019537,1791019597,44.0,44
rest,sm,100,6,2,1791019612,1791019673,130.9,186
rest,xl,10,6,2,1791019688,1791019748,44.1,44
rest,lg,10,6,2,1791019763,1791019824,44.2,46
rest,xs,100,6,2,1791019839,1791019900,351.3,585
rest,sm,500,10,2,1791019916,1791019976,146.3,343
rest,md,500,6,2,1791019992,1791020053,60.3,246
rest,md,100,8,2,1791020068,1791020129,62.4,91
rest,xl,500,9,2,1791020146,1791020208,40.6,221
rest,xs,500,6,2,1791020223,1791020285,413.3,754
rest,lg,100,10,2,1791020300,1791020361,44.1,81
rest,xs,100,9,2,1791020376,1791020438,352.3,536
rest,sm,10,9,2,1791020453,1791020513,73.4,94
rest,lg,500,8,2,1791020530,1791020591,44.9,240
rest,xs,500,7,2,1791020606,1791020668,409.8,785
rest,lg,100,8,2,1791020684,1791020744,44.0,81
rest,md,100,7,2,1791020759,1791020820,62.4,91
rest,lg,500,6,2,1791020836,1791020898,44.9,239
rest,xl,500,8,2,1791020915,1791020978,40.7,238
rest,sm,10,8,2,1791020993,1791021053,73.1,95
rest,xl,100,10,2,1791021069,1791021130,38.7,80
rest,xs,10,10,2,1791021145,1791021205,58.5,90
rest,xs,500,10,2,1791021220,1791021282,410.8,769
rest,md,100,10,2,1791021297,1791021358,62.4,92
rest,lg,100,6,2,1791021373,1791021434,43.7,82
rest,xs,500,8,2,1791021449,1791021511,411.3,748
rest,xs,10,9,2,1791021526,1791021586,57.9,90
rest,sm,100,7,2,1791021602,1791021662,130.4,173
rest,xl,100,6,2,1791021678,1791021738,38.5,80
rest,sm,500,8,2,1791021754,1791021814,145.5,345
rest,xs,100,10,2,1791021830,1791021891,350.7,633
rest,sm,10,7,2,1791021906,1791021967,73.5,95
rest,lg,10,7,2,1791021982,1791022042,44.2,46
rest,sm,500,7,2,1791022058,1791022118,145.8,341
rest,lg,10,8,2,1791022133,1791022194,44.2,46
rest,md,10,8,2,1791022209,1791022269,61.6,54
rest,xl,10,8,2,1791022284,1791022345,44.6,44
rest,sm,100,10,2,1791022360,1791022420,131.3,182
rest,xl,500,10,2,1791022437,1791022499,40.6,237
rest,xs,100,8,2,1791022515,1791022576,350.8,678
rest,xs,500,9,2,1791022592,1791022653,413.3,779
rest,sm,10,10,2,1791022668,1791022729,73.9,91
rest,lg,500,10,2,1791022745,1791022807,44.9,239
rest,xs,10,8,2,1791022822,1791022882,58.3,91
rest,lg,100,9,2,1791022898,1791022958,43.6,81
rest,xs,10,7,2,1791022974,1791023034,57.9,91
rest,xl,10,9,2,1791023049,1791023109,44.7,44
rest,lg,500,9,2,1791023126,1791023187,44.5,239
rest,md,500,8,2,1791023203,1791023264,60.3,247
rest,xs,100,7,2,1791023279,1791023341,349.6,553
rest,xl,500,7,2,1791023357,1791023420,40.6,221
rest,sm,10,6,2,1791023435,1791023495,72.9,88
rest,lg,100,7,2,1791023511,1791023571,44.1,82
rest,md,100,6,2,1791023587,1791023647,62.7,92
rest,md,10,9,2,1791023662,1791023723,61.4,54
rest,md,10,13,3,1791023738,1791023799,61.6,55
rest,lg,10,15,3,1791023814,1791023874,44.2,45
rest,lg,10,14,3,1791023889,1791023950,44.0,46
rest,sm,100,12,3,1791023965,1791024025,131.1,178
rest,lg,100,12,3,1791024041,1791024101,44.1,81
rest,xs,100,15,3,1791024117,1791024178,352.5,564
rest,xl,100,13,3,1791024194,1791024255,38.7,80
rest,xl,10,13,3,1791024270,1791024330,43.9,44
rest,md,100,11,3,1791024346,1791024406,62.5,92
rest,sm,100,11,3,1791024421,1791024482,130.6,174
rest,sm,10,14,3,1791024497,1791024557,73.5,90
rest,xs,10,12,3,1791024572,1791024633,58.2,92
rest,xs,100,13,3,1791024648,1791024709,355.4,647
rest,xs,500,12,3,1791024725,1791024786,416.0,735
rest,sm,500,12,3,1791024802,1791024862,145.0,343
rest,sm,100,15,3,1791024877,1791024938,130.6,181
rest,md,500,13,3,1791024954,1791025014,60.4,247
rest,lg,10,13,3,1791025030,1791025090,44.0,45
rest,md,500,11,3,1791025106,1791025166,60.7,247
rest,xl,100,15,3,1791025182,1791025243,38.9,81
rest,lg,100,14,3,1791025258,1791025319,43.9,81
rest,xs,10,11,3,1791025334,1791025395,58.1,89
rest,lg,500,11,3,1791025411,1791025473,44.6,239
rest,sm,10,12,3,1791025488,1791025548,73.3,90
rest,sm,10,15,3,1791025563,1791025624,73.1,95
rest,xs,500,14,3,1791025639,1791025701,413.1,736
rest,md,10,15,3,1791025716,1791025776,61.6,55
rest,lg,500,14,3,1791025793,1791025854,44.7,241
rest,xl,10,15,3,1791025869,1791025930,44.2,44
rest,md,10,11,3,1791025945,1791026005,61.6,55
rest,xs,500,15,3,1791026021,1791026082,413.7,718
rest,xl,100,11,3,1791026098,1791026159,38.7,80
rest,lg,500,13,3,1791026175,1791026237,44.7,239
rest,xs,10,13,3,1791026252,1791026312,58.0,90
rest,md,100,14,3,1791026327,1791026388,62.6,91
rest,sm,500,15,3,1791026403,1791026464,144.3,340
rest,xs,100,11,3,1791026479,1791026540,350.8,550
rest,xl,500,13,3,1791026557,1791026619,40.9,239
rest,lg,10,12,3,1791026635,1791026695,44.0,46
rest,lg,100,15,3,1791026710,1791026771,44.3,82
rest,md,100,15,3,1791026786,1791026847,62.6,92
rest,xl,10,11,3,1791026862,1791026922,44.2,44
rest,xl,100,14,3,1791026938,1791026999,39.0,80
rest,md,500,12,3,1791027015,1791027075,60.5,247
rest,lg,10,11,3,1791027091,1791027151,44.1,46
rest,xs,10,15,3,1791027166,1791027227,58.1,91
rest,xs,100,14,3,1791027242,1791027303,353.0,659
rest,md,100,12,3,1791027319,1791027379,62.7,90
rest,md,10,12,3,1791027394,1791027455,61.6,54
rest,xl,10,14,3,1791027470,1791027530,44.1,44
rest,sm,500,11,3,1791027546,1791027606,146.4,337
rest,sm,10,13,3,1791027621,1791027682,73.3,92
rest,xs,500,11,3,1791027697,1791027758,411.4,752
rest,md,100,13,3,1791027774,1791027834,62.4,91
rest,lg,500,12,3,1791027851,1791027912,44.8,240
rest,xl,500,11,3,1791027930,1791027992,40.3,238
rest,md,500,14,3,1791028008,1791028068,60.6,246
rest,sm,100,13,3,1791028084,1791028144,129.8,183
rest,xl,500,12,3,1791028161,1791028224,40.1,238
rest,sm,10,11,3,1791028239,1791028299,73.0,92
rest,xl,500,15,3,1791028316,1791028378,40.0,239
rest,xs,500,13,3,1791028394,1791028455,415.1,745
rest,sm,100,14,3,1791028471,1791028531,130.1,173
rest,lg,100,13,3,1791028547,1791028607,44.0,82
rest,sm,500,14,3,1791028623,1791028683,145.8,346
rest,md,500,15,3,1791028699,1791028759,60.4,247
rest,xl,10,12,3,1791028775,1791028835,43.9,44
rest,xl,500,14,3,1791028852,1791028915,40.2,239
rest,lg,500,15,3,1791028931,1791028992,44.5,239
rest,xs,100,12,3,1791029008,1791029069,350.9,625
rest,sm,500,13,3,1791029085,1791029145,146.8,344
rest,xs,10,14,3,1791029160,1791029223,55.7,90
rest,md,10,14,3,1791029239,1791029299,61.7,55
rest,xl,100,12,3,1791029315,1791029375,38.8,81
rest,lg,100,11,3,1791029391,1791029451,43.8,81
grpc,md,10,13,3,1791029467,1791029527,355.3,97
grpc,lg,10,15,3,1791029543,1791029603,364.6,150
grpc,lg,10,14,3,1791029618,1791029679,363.9,134
grpc,sm,100,12,3,1791029694,1791029754,351.1,198
grpc,lg,100,12,3,1791029770,1791029830,346.0,450
grpc,xs,100,15,3,1791029845,1791029906,375.7,177
grpc,xl,100,13,3,1791029921,1791029982,319.0,805
grpc,xl,10,13,3,1791029997,1791030058,339.9,212
grpc,md,100,11,3,1791030073,1791030133,359.5,229
grpc,sm,100,11,3,1791030149,1791030209,349.9,191
grpc,sm,10,14,3,1791030224,1791030284,188.0,81
grpc,xs,10,12,3,1791030300,1791030360,73.1,58
grpc,xs,100,13,3,1791030375,1791030436,374.4,182
grpc,xs,500,12,3,1791030451,1791030512,409.7,379
grpc,sm,500,12,3,1791030527,1791030587,319.3,435
grpc,sm,100,15,3,1791030603,1791030663,345.5,187
grpc,md,500,13,3,1791030679,1791030739,467.8,922
grpc,lg,10,13,3,1791030755,1791030815,366.6,140
grpc,md,500,11,3,1791030831,1791030891,472.0,963
grpc,xl,100,15,3,1791030907,1791030968,320.8,754
grpc,lg,100,14,3,1791030983,1791031043,328.0,408
grpc,xs,10,11,3,1791031059,1791031119,71.9,57
grpc,lg,500,11,3,1791031135,1791031196,454.1,1758
grpc,sm,10,12,3,1791031211,1791031272,187.0,79
grpc,sm,10,15,3,1791031287,1791031347,189.0,79
grpc,xs,500,14,3,1791031363,1791031423,408.9,376
grpc,md,10,15,3,1791031438,1791031499,354.2,89
grpc,lg,500,14,3,1791031515,1791031576,457.8,1819
grpc,xl,10,15,3,1791031591,1791031651,333.1,222
grpc,md,10,11,3,1791031667,1791031727,351.6,96
grpc,xs,500,15,3,1791031742,1791031803,405.8,380
grpc,xl,100,11,3,1791031818,1791031879,322.4,774
grpc,lg,500,13,3,1791031895,1791031956,447.7,1721
grpc,xs,10,13,3,1791031971,1791032031,73.3,58
grpc,md,100,14,3,1791032047,1791032107,355.3,221
grpc,sm,500,15,3,1791032123,1791032183,319.1,436
grpc,xs,100,11,3,1791032198,1791032259,375.3,184
grpc,xl,500,13,3,1791032275,1791032337,443.6,3319
grpc,lg,10,12,3,1791032352,1791032412,354.4,136
grpc,lg,100,15,3,1791032428,1791032488,330.0,396
grpc,md,100,15,3,1791032503,1791032564,361.8,243
grpc,xl,10,11,3,1791032579,1791032639,340.7,230
grpc,xl,100,14,3,1791032655,1791032716,317.5,740
grpc,md,500,12,3,1791032731,1791032792,461.7,914
grpc,lg,10,11,3,1791032807,1791032867,371.1,156
grpc,xs,10,15,3,1791032883,1791032943,72.2,58
grpc,xs,100,14,3,1791032958,1791033019,373.7,172
grpc,md,100,12,3,1791033034,1791033094,354.2,229
grpc,md,10,12,3,1791033110,1791033170,349.7,96
grpc,xl,10,14,3,1791033185,1791033246,334.6,232
grpc,sm,500,11,3,1791033261,1791033322,318.7,436
grpc,sm,10,13,3,1791033337,1791033397,188.3,78
grpc,xs,500,11,3,1791033412,1791033473,411.6,378
grpc,md,100,13,3,1791033488,1791033549,358.9,233
grpc,lg,500,12,3,1791033565,1791033626,430.8,1790
grpc,xl,500,11,3,1791033642,1791033704,433.7,3083
grpc,md,500,14,3,1791033719,1791033780,475.7,885
grpc,sm,100,13,3,1791033795,1791033856,347.6,201
grpc,xl,500,12,3,1791033872,1791033934,430.3,3107
grpc,sm,10,11,3,1791033949,1791034009,188.5,79
grpc,xl,500,15,3,1791034026,1791034087,432.3,2971
grpc,xs,500,13,3,1791034103,1791034163,406.7,374
grpc,sm,100,14,3,1791034178,1791034239,349.6,177
grpc,lg,100,13,3,1791034254,1791034315,338.3,407
grpc,sm,500,14,3,1791034330,1791034391,317.5,435
grpc,md,500,15,3,1791034406,1791034467,457.5,868
grpc,xl,10,12,3,1791034482,1791034543,337.6,224
grpc,xl,500,14,3,1791034559,1791034621,435.2,3220
grpc,lg,500,15,3,1791034637,1791034698,427.3,1806
grpc,xs,100,12,3,1791034713,1791034773,375.1,191
grpc,sm,500,13,3,1791034789,1791034849,316.8,435
grpc,xs,10,14,3,1791034865,1791034925,72.2,58
grpc,md,10,14,3,1791034940,1791035000,353.0,91
grpc,xl,100,12,3,1791035016,1791035076,321.4,740
grpc,lg,100,11,3,1791035092,1791035152,325.2,375
