payload_class,concurrency,selisih,p,p_holm,pemenang
lg,10,0.7981898925068318,4.361136964655495e-22,3.925023268189946e-21,grpc
lg,100,1.4585194317958696,3.983811142020694e-12,1.991905571010347e-11,grpc
lg,500,1.0341924710963384,1.7716693641229047e-09,5.315008092368714e-09,grpc
md,10,0.6932997546548743,2.9183914440943725e-30,3.502069732913247e-29,grpc
md,100,0.6863278021382053,5.908183003522129e-14,4.13572810246549e-13,grpc
md,500,0.48978803837911933,2.88354446201035e-17,2.30683556960828e-16,grpc
sm,10,-0.05864001922170925,1.8030694419130726e-26,1.9833763861043798e-25,rest
sm,100,-0.03714054420493029,5.380055103185029e-11,2.1520220412740117e-10,setara
sm,500,-0.263431191952783,3.247183083288265e-44,4.546056316603571e-43,rest
xl,10,0.8224865177146194,3.1533391520388837e-24,3.153339152038884e-23,grpc
xl,100,1.0595209785452475,8.800862213646114e-07,1.7601724427292228e-06,grpc
xl,500,0.7122128141673734,6.853361803177816e-06,6.853361803177816e-06,grpc
xs,10,-0.05599378514028863,6.18946957334889e-14,4.13572810246549e-13,rest
xs,100,-0.23276298907752913,5.728274870343219e-54,8.592412305514829e-53,rest
xs,500,-0.2200252526907942,3.096689266673155e-41,4.025696046675101e-40,rest
