protocol_code,payload_bytes,concurrency,protocol,estimasi_p50_ms
0,7045.824862995106,31.622776601683793,rest,2.3
0,7045.824862995106,223.60679774997897,rest,2.1
0,158447.69978765864,31.622776601683793,rest,2.2
0,158447.69978765864,223.60679774997897,rest,12.4
0,869135.5632903305,31.622776601683793,rest,9.8
0,869135.5632903305,223.60679774997897,rest,100.8
0,2130131.4963513403,31.622776601683793,rest,30.2
0,2130131.4963513403,223.60679774997897,rest,283.8
1,7045.824862995106,31.622776601683793,grpc,2.4
1,7045.824862995106,223.60679774997897,grpc,2.8
1,158447.69978765864,31.622776601683793,grpc,2.4
1,158447.69978765864,223.60679774997897,grpc,12.9
1,869135.5632903305,31.622776601683793,grpc,5.8
1,869135.5632903305,223.60679774997897,grpc,59.6
1,2130131.4963513403,31.622776601683793,grpc,16.8
1,2130131.4963513403,223.60679774997897,grpc,116.2
