,,p50_ms,p50_ms,p95_ms,p95_ms,p99_ms,p99_ms,cv_p50,cv_p50,p99_per_p50,p99_per_p50
protocol,,grpc,rest,grpc,rest,grpc,rest,grpc,rest,grpc,rest
payload_class,concurrency,,,,,,,,,,
xs,10,2.43,2.284,2.847,2.585,3.036,2.688,0.008,0.001,1.249,1.177
xs,100,2.769,2.124,6.683,3.166,8.253,5.11,0.002,0.002,2.98,2.406
xs,500,12.696,9.902,31.286,18.628,40.617,30.449,0.005,0.004,3.199,3.075
sm,10,2.359,2.222,2.742,2.446,3.168,2.592,0.001,0.0,1.343,1.167
sm,100,12.851,12.392,20.168,21.373,24.656,22.343,0.01,0.003,1.919,1.803
sm,500,83.353,61.339,99.966,73.478,138.831,82.756,0.004,0.005,1.666,1.349
md,10,5.773,9.789,8.013,15.763,9.166,16.726,0.007,0.001,1.588,1.709
md,100,60.12,100.658,148.239,110.153,199.05,112.995,0.07,0.003,3.311,1.123
md,500,294.329,435.86,358.465,449.028,762.392,478.861,0.03,0.001,2.59,1.099
lg,10,16.625,30.249,23.601,39.376,26.362,41.411,0.021,0.002,1.586,1.369
lg,100,115.315,283.381,670.87,296.257,1101.272,304.076,0.161,0.006,9.55,1.073
lg,500,581.475,1158.098,2407.049,1191.784,3101.156,1615.995,0.197,0.002,5.333,1.395
xl,10,31.639,57.573,49.51,68.014,69.212,69.519,0.021,0.005,2.188,1.207
xl,100,231.836,462.785,1518.33,477.385,1881.294,489.113,0.319,0.003,8.115,1.057
xl,500,1373.303,2077.839,2237.554,3799.824,6561.421,3904.849,0.251,0.033,4.778,1.879
