,,gen_cpu_rata,gen_cpu_rata,gen_cpu_maks,gen_cpu_maks,gen_rss_maks_mb,gen_rss_maks_mb,little_ratio,little_ratio
protocol,,grpc,rest,grpc,rest,grpc,rest,grpc,rest
payload_class,concurrency,,,,,,,,
xs,10,72.43,57.94,73.3,58.5,59,93,1.03,1.03
xs,100,375.08,350.6,376.2,355.4,200,678,1.02,1.02
xs,500,407.97,412.98,411.6,416.1,411,805,1.02,1.04
sm,10,188.11,73.33,189.0,73.9,81,95,1.04,1.02
sm,100,348.15,130.59,351.1,131.3,208,186,1.01,1.0
sm,500,317.5,145.71,319.3,146.8,441,347,1.01,1.01
md,10,352.85,61.6,356.8,61.9,97,56,1.02,1.01
md,100,361.64,62.43,370.4,62.7,262,92,1.0,1.0
md,500,469.63,60.51,477.6,60.7,969,249,1.01,1.01
lg,10,361.81,44.09,371.1,44.2,171,46,1.01,1.01
lg,100,337.7,43.95,349.1,44.3,450,82,1.0,1.0
lg,500,455.38,44.73,478.1,44.9,1844,241,1.01,1.01
xl,10,337.65,44.19,342.8,44.7,268,44,1.01,1.0
xl,100,320.69,38.78,328.2,39.0,805,81,1.0,1.01
xl,500,435.53,40.42,445.8,40.9,3357,240,1.02,1.02
