protocol,payload_class,concurrency,rep,block,start_ts,end_ts,cpu_percent
rest,md,50,1,1,1790260591,1790260607,99.97384051112162
rest,sm,50,1,1,1790260614,1790260630,99.70464644306773
rest,xl,50,1,1,1790260638,1790260654,99.979518891003
rest,md,10,1,1,1790260661,1790260676,99.97631665750404
rest,lg,10,1,1,1790260684,1790260699,99.97013778484357
rest,xs,50,1,1,1790260707,1790260722,63.5268001039772
rest,xs,10,1,1,1790260729,1790260745,38.13055989292897
rest,md,200,1,1,1790260753,1790260769,99.98423182196814
rest,sm,10,1,1,1790260777,1790260795,92.63288224299062
rest,xs,200,1,1,1790260802,1790260818,44.845507135327686
rest,sm,200,1,1,1790260826,1790260841,99.83617365511681
rest,xl,10,1,1,1790260849,1790260864,71.89004778921661
rest,xl,200,1,1,1790260873,1790260890,99.9893934316358
rest,lg,50,1,1,1790260898,1790260916,99.97823293172715
rest,lg,200,1,1,1790260925,1790260941,99.983663980161
grpc,md,50,1,1,1790260951,1790260966,35.60214541942605
grpc,sm,50,1,1,1790260974,1790260989,52.230005291938596
grpc,xl,50,1,1,1790260997,1790261012,32.56260367454068
grpc,md,10,1,1,1790261019,1790261034,38.985095341539925
grpc,lg,10,1,1,1790261042,1790261057,36.26213326998456
grpc,xs,50,1,1,1790261064,1790261080,40.44372216203209
grpc,xs,10,1,1,1790261087,1790261102,23.46115061595423
grpc,md,200,1,1,1790261109,1790261125,30.876214462562977
grpc,sm,10,1,1,1790261132,1790261147,
grpc,xs,200,1,1,1790261154,1790261170,38.523215943996
grpc,sm,200,1,1,1790261177,1790261193,50.706768589298164
grpc,xl,10,1,1,1790261200,1790261215,25.017470125786193
grpc,xl,200,1,1,1790261224,1790261242,31.052913728743256
grpc,lg,50,1,1,1790261249,1790261264,31.814303710490144
grpc,lg,200,1,1,1790261273,1790261289,29.42932663010363
grpc,md,50,2,2,1790261299,1790261314,37.299179122764016
grpc,sm,50,2,2,1790261321,1790261336,
grpc,xl,50,2,2,1790261344,1790261360,40.7823480234086
grpc,md,10,2,2,1790261367,1790261382,41.36934224297558
grpc,lg,50,2,2,1790261390,1790261405,34.954766263883805
grpc,lg,10,2,2,1790261412,1790261428,
grpc,xs,10,2,2,1790261435,1790261450,39.40947992797375
grpc,md,200,2,2,1790261458,1790261473,33.00677398583386
grpc,sm,10,2,2,1790261480,1790261495,
grpc,xs,200,2,2,1790261503,1790261518,39.49194177915107
grpc,sm,200,2,2,1790261526,1790261541,46.22924103419525
grpc,xl,10,2,2,1790261548,1790261563,33.31551332955198
grpc,xl,200,2,2,1790261575,1790261593,31.761448617081562
grpc,xs,50,2,2,1790261600,1790261616,29.637718335766433
grpc,lg,200,2,2,1790261625,1790261641,31.06874136740328
rest,md,50,2,2,1790261651,1790261667,99.99611886976288
rest,sm,50,2,2,1790261675,1790261690,99.84959632619803
rest,xl,50,2,2,1790261698,1790261714,99.98827279466268
rest,md,10,2,2,1790261722,1790261737,99.91483752299203
rest,lg,50,2,2,1790261745,1790261761,66.46082298778595
rest,lg,10,2,2,1790261768,1790261784,97.21954969443553
rest,xs,10,2,2,1790261791,1790261806,40.31828607172654
rest,md,200,2,2,1790261815,1790261831,99.88746510700516
rest,sm,10,2,2,1790261838,1790261854,95.40288190926486
rest,xs,200,2,2,1790261861,1790261877,58.248318149964696
rest,sm,200,2,2,1790261884,1790261900,95.26684386074639
rest,xl,10,2,2,1790261908,1790261923,
rest,xl,200,2,2,1790261932,1790261949,99.74990745025437
rest,xs,50,2,2,1790261957,1790261972,61.4032987496674
rest,lg,200,2,2,1790261981,1790261997,98.6535049671192
