p50_ms,p95_ms,p99_ms,mean_ms,requests,rps,error_rate,protocol,payload_class,concurrency,rep,records,payload_bytes,protobuf_bytes,block,cpu_percent,throughput_rps,combo_id,protocol_code,little_ratio
88.253956,140.503091,169.817315,89.425512,1619,107.35257839248725,0.0,grpc,lg,10,1,1500,1505758,1447361,1,36.26213326998456,107.35257839248725,grpc_lg_10,1,1.041660233626067
86.166014,136.44579,159.385517,86.792104,1662,110.24433044471952,0.0,grpc,lg,10,2,1500,1505758,1447361,2,,110.24433044471952,grpc_lg_10,1,1.0451136481590533
1628.896516,2071.13308,2193.712461,1559.995288,1847,111.19086909141167,0.0,grpc,lg,200,1,1500,1505758,1447361,1,29.42932663010363,111.19086909141167,grpc_lg_200,1,1.153021974728263
1597.271279,2085.489695,2417.389019,1518.820143,1827,112.46358535752626,0.0,grpc,lg,200,2,1500,1505758,1447361,2,31.06874136740328,112.46358535752626,grpc_lg_200,1,1.1708782067186378
394.07999,600.737493,688.918945,387.636185,1675,110.30630836808174,0.0,grpc,lg,50,1,1500,1505758,1447361,1,31.814303710490144,110.30630836808174,grpc_lg_50,1,1.1693522169466908
509.80063,895.590835,1025.197989,527.345346,1338,86.9181497118132,0.0,grpc,lg,50,2,1500,1505758,1447361,2,34.954766263883805,86.9181497118132,grpc_lg_50,1,1.0908484381463235
29.02488,47.3251,55.684585,29.037333,4892,325.36970696464664,0.0,grpc,md,10,1,500,501672,482361,1,38.985095341539925,325.36970696464664,grpc_md_10,1,1.0584397919007946
29.585151,49.311089,62.111744,29.876292,4760,316.81236825773647,0.0,grpc,md,10,2,500,501672,482361,2,41.36934224297558,316.81236825773647,grpc_md_10,1,1.0565040752748314
511.474172,730.902524,866.487838,510.412063,5069,327.2505576218124,0.0,grpc,md,200,1,500,501672,482361,1,30.876214462562977,327.2505576218124,grpc_md_200,1,1.19737082105151
514.161589,700.336449,780.222485,511.917656,5118,329.99339864067366,0.0,grpc,md,200,2,500,501672,482361,2,33.00677398583386,329.99339864067366,grpc_md_200,1,1.1839262094365492
131.795381,196.158248,225.144957,128.664617,5069,334.87371932259646,0.0,grpc,md,50,1,500,501672,482361,1,35.60214541942605,334.87371932259646,grpc_md_50,1,1.1604590159800752
134.961847,206.626525,250.461636,131.870672,4985,329.5020692953696,0.0,grpc,md,50,2,500,501672,482361,2,37.299179122764016,329.5020692953696,grpc_md_50,1,1.1507040421842079
4.32757,7.722752,10.407448,4.689694,30086,2005.158142491274,0.0,grpc,sm,10,1,50,50044,48189,1,,2005.158142491274,grpc_sm_10,1,1.0634249945220422
4.31598,7.82095,10.649964,4.683163,30128,2008.0031024437058,0.0,grpc,sm,10,2,50,50044,48189,2,,2008.0031024437058,grpc_sm_10,1,1.063399242532468
61.248409,99.242383,117.209772,62.210966,36465,2425.4709667229163,0.0,grpc,sm,200,1,50,50044,48189,1,50.70676858929816,2425.4709667229163,grpc_sm_200,1,1.3254610503974587
62.176422,99.372763,115.090449,63.240559,36584,2431.3723570987877,0.0,grpc,sm,200,2,50,50044,48189,2,46.22924103419525,2431.3723570987877,grpc_sm_200,1,1.3007170130988934
18.281294,30.949204,39.038372,18.899914,35447,2362.466545105723,0.0,grpc,sm,50,1,50,50044,48189,1,52.2300052919386,2362.466545105723,grpc_sm_50,1,1.1198104323529952
20.264417,38.803361,50.607348,21.855076,30176,2007.6157145734715,0.0,grpc,sm,50,2,50,50044,48189,2,,2007.6157145734715,grpc_sm_50,1,1.1395597383037521
173.787093,262.69101,300.129985,172.009509,859,56.922049068174815,0.0,grpc,xl,10,1,3000,3013406,2894861,1,25.017470125786197,56.922049068174815,grpc_xl_10,1,1.0213321863089482
172.402358,247.281793,312.753355,172.4286,860,56.827618349071436,0.0,grpc,xl,10,2,3000,3013406,2894861,2,33.31551332955198,56.827618349071436,grpc_xl_10,1,1.0205428464640667
4057.968768,5106.571539,5348.49391,3874.270014,846,48.09344555106218,0.0,grpc,xl,200,1,3000,3013406,2894861,1,31.052913728743256,48.09344555106218,grpc_xl_200,1,1.0733817775963013
3365.750271,4513.628647,5445.041753,3373.825916,976,54.49059214840397,0.0,grpc,xl,200,2,3000,3013406,2894861,2,31.76144861708156,54.49059214840397,grpc_xl_200,1,1.087892038128852
835.759638,1268.86584,1425.849437,851.674921,889,56.62528299495546,0.0,grpc,xl,50,1,3000,3013406,2894861,1,32.56260367454068,56.62528299495546,grpc_xl_50,1,1.036777968649886
931.02097,1199.804804,1336.047858,950.700013,811,51.20380895121318,0.0,grpc,xl,50,2,3000,3013406,2894861,2,40.7823480234086,51.20380895121318,grpc_xl_50,1,1.0271272137085798
2.418332,3.723941,4.821776,2.639248,51004,3399.795324935796,0.0,grpc,xs,10,1,1,992,953,1,23.46115061595423,3399.795324935796,grpc_xs_10,1,1.1144665206911641
2.414167,3.797196,5.152532,2.658351,50584,3371.562247964366,0.0,grpc,xs,10,2,1,992,953,2,39.40947992797375,3371.562247964366,grpc_xs_10,1,1.115723278897323
13.572498,32.825438,41.558881,15.375358,130385,8689.59152042424,0.0,grpc,xs,200,1,1,992,953,1,38.523215943996,8689.59152042424,grpc_xs_200,1,1.4969434603786655
13.79641,32.785189,43.450525,15.644454,129856,8639.594719230425,0.0,grpc,xs,200,2,1,992,953,2,39.49194177915107,8639.594719230425,grpc_xs_200,1,1.4797086571868507
4.361773,10.340609,13.095536,5.037899,120692,8044.34695309253,0.0,grpc,xs,50,1,1,992,953,1,40.44372216203209,8044.34695309253,grpc_xs_50,1,1.2337573540105893
4.41231,10.760521,13.214984,5.158414,119236,7946.779990790238,0.0,grpc,xs,50,2,1,992,953,2,29.637718335766436,7946.779990790238,grpc_xs_50,1,1.219726951571317
56.4812615,67.3568756,74.87315873000007,56.52803887925814,2642,175.4934748462887,0.0,rest,lg,10,1,1500,1505758,1447361,1,99.97013778484356,175.4934748462887,rest_lg_10,0,1.008033831135442
64.698745,87.5382304,97.39579809999998,65.3978803504163,2283,151.5938919751064,0.0,rest,lg,10,2,1500,1505758,1447361,2,97.21954969443551,151.5938919751064,rest_lg_10,0,1.0086828214897912
977.030671,1310.973451199999,1644.81019556,968.5220215414087,3103,194.46982546198922,0.0,rest,lg,200,1,1500,1505758,1447361,1,99.983663980161,194.46982546198922,rest_lg_200,0,1.0618624696364698
1182.078744,2223.2402746499993,2564.500524100002,1273.2987747292905,2342,146.5899881528369,0.0,rest,lg,200,2,1500,1505758,1447361,2,98.6535049671192,146.5899881528369,rest_lg_200,0,1.0715078689275754
276.4923425,308.52489514999996,353.5349311999999,273.2166403997096,2752,180.1474455861443,0.0,rest,lg,50,1,1500,1505758,1447361,1,99.97823293172716,180.1474455861443,rest_lg_50,0,1.0158620797092242
280.542459,349.7815954999999,488.91849359999964,285.2528204409864,2635,172.48833992748806,0.0,rest,lg,50,2,1500,1505758,1447361,2,66.46082298778595,172.48833992748806,rest_lg_50,0,1.0162026303000478
19.8742485,29.176136999999994,32.42410754,20.119143938869296,7394,492.27580454504573,0.0,rest,md,10,1,500,501672,482361,1,99.97631665750404,492.27580454504573,rest_md_10,0,1.0096759498595058
23.499952,37.573316649999995,43.57317511,23.180993252033836,6392,425.533014817083,0.0,rest,md,10,2,500,501672,482361,2,99.91483752299204,425.533014817083,rest_md_10,0,1.0137589447260542
385.419671,436.05745779999984,765.2626505599989,387.68655395557323,7653,497.7789094652679,0.0,rest,md,200,1,500,501672,482361,1,99.98423182196814,497.7789094652679,rest_md_200,0,1.0363650653778302
405.271652,569.7799431999998,1291.0619650600001,444.7894581819015,6575,426.010228577119,0.0,rest,md,200,2,500,501672,482361,2,99.88746510700516,426.010228577119,rest_md_200,0,1.0554933060122607
104.965366,115.29828039999998,172.33191496,104.57216009645863,7143,472.99577619936866,0.0,rest,md,50,1,500,501672,482361,1,99.97384051112162,472.99577619936866,rest_md_50,0,1.0108731531289823
104.258394,115.29536139999999,141.23111328,103.65737611353222,7205,477.09740965619716,0.0,rest,md,50,2,500,501672,482361,2,99.99611886976288,477.09740965619716,rest_md_50,0,1.0110269548376822
2.510889,3.5684253999999993,5.590294919999998,2.6905469466083867,53323,3554.2914479581705,0.0,rest,sm,10,1,50,50044,48189,1,92.63288224299062,3554.2914479581705,rest_sm_10,0,1.0456982689111687
2.5886449999999996,4.669705499999997,6.849218470000004,2.9326077624538436,48740,3248.0068090260465,0.0,rest,sm,10,2,50,50044,48189,2,95.40288190926486,3248.0068090260465,rest_sm_10,0,1.0498544398146614
51.543925,82.73721899999998,101.51720011999998,53.252682744481376,55045,3657.5804901516894,0.0,rest,sm,200,1,50,50044,48189,1,99.8361736551168,3657.5804901516894,rest_sm_200,0,1.026820692783081
53.814457,86.9522618,110.8910167200002,56.271496832238206,51889,3437.748144038524,0.0,rest,sm,200,2,50,50044,48189,2,95.2668438607464,3437.748144038524,rest_sm_200,0,1.0338736619494373
12.5384465,22.789533399999996,30.934636720000032,13.10135932148912,56400,3756.8751749925314,0.0,rest,sm,50,1,50,50044,48189,1,99.70464644306772,3756.8751749925314,rest_sm_50,0,1.0158436750867113
12.8550565,23.8116615,30.542908999999998,13.379059139064738,55226,3678.652413623955,0.0,rest,sm,50,2,50,50044,48189,2,99.84959632619804,3678.652413623955,rest_sm_50,0,1.0159110320984834
101.43059550000001,199.03823619999997,209.8003357,113.29779097205446,1324,87.69850531673772,0.0,rest,xl,10,1,3000,3013406,2894861,1,71.89004778921661,87.69850531673772,rest_xl_10,0,1.006436470817038
113.535953,230.06784649999997,303.12683732000016,141.65141835538716,1058,70.06747791174499,0.0,rest,xl,10,2,3000,3013406,2894861,2,,70.06747791174499,rest_xl_10,0,1.0075406735117836
1856.520386,2652.3775163,3741.29604396,1874.4625992175263,1655,97.89462087752898,0.0,rest,xl,200,1,3000,3013406,2894861,1,99.9893934316358,97.89462087752898,rest_xl_200,0,1.0899194113888966
1973.901252,4462.174045,5490.244705319999,2347.623017919876,1323,78.43081999376241,0.0,rest,xl,200,2,3000,3013406,2894861,2,99.74990745025436,78.43081999376241,rest_xl_200,0,1.0862127120132012
484.84333,704.9223915,1033.6136697999996,506.40422581283434,1496,96.63846244609438,0.0,rest,xl,50,1,3000,3013406,2894861,1,99.979518891003,96.63846244609438,rest_xl_50,0,1.0216983021883077
503.3237885,690.50197075,1053.5008455,517.6380495661663,1466,94.79057150432145,0.0,rest,xl,50,2,3000,3013406,2894861,2,99.98827279466268,94.79057150432145,rest_xl_50,0,1.019010526883691
2.2050995,2.77356375,4.275873849999999,2.3060139996254496,61406,4093.019918051541,0.0,rest,xs,10,1,1,992,953,1,38.13055989292897,4093.019918051541,rest_xs_10,0,1.0594835117811585
2.2313965,2.9764023499999994,4.731802929999985,2.359569445744869,59810,3986.73706657214,0.0,rest,xs,10,2,1,992,953,2,40.31828607172654,3986.73706657214,rest_xs_10,0,1.0630400874921744
21.490389,63.99999689999999,79.3364401,26.645046256584607,109375,7286.83989015605,0.0,rest,xs,200,1,1,992,953,1,44.845507135327686,7286.83989015605,rest_xs_200,0,1.0300879101968208
29.9032275,91.26221325,154.0488404,39.29711616791775,73286,4880.143553790298,0.0,rest,xs,200,2,1,992,953,2,58.248318149964696,4880.143553790298,rest_xs_200,0,1.0428857123456936
4.977639,14.658779199999989,22.157004419999954,6.091740077354368,119683,7977.302914799153,0.0,rest,xs,50,1,1,992,953,1,63.5268001039772,7977.302914799153,rest_xs_50,0,1.0288985527497865
6.430277,22.442687,37.303678,8.642177888869039,83901,5592.340713734913,0.0,rest,xs,50,2,1,992,953,2,61.4032987496674,5592.340713734913,rest_xs_50,0,1.034554037326281
