protocol,payload_class,concurrency,rep,block,start_ts,end_ts
rest,xs,200,2,1,1790178607,1790178667
rest,xs,200,3,1,1790178683,1790178744
rest,xs,10,3,1,1790178759,1790178819
rest,xl,10,3,1,1790178835,1790178895
rest,xs,10,2,1,1790178911,1790178971
rest,xl,200,3,1,1790178988,1790179050
rest,xl,10,1,1,1790179066,1790179126
rest,xl,10,2,1,1790179142,1790179202
rest,xl,200,2,1,1790179219,1790179282
rest,xl,200,1,1,1790179299,1790179362
rest,xs,200,1,1,1790179378,1790179438
rest,xs,10,1,1,1790179454,1790179514
grpc,xs,200,2,1,1790179532,1790179596
grpc,xs,200,3,1,1790179611,1790179674
grpc,xs,10,3,1,1790179689,1790179751
grpc,xl,10,3,1,1790179766,1790179826
grpc,xs,10,2,1,1790179841,1790179903
grpc,xl,200,3,1,1790179925,1790179990
grpc,xl,10,1,1,1790180006,1790180066
grpc,xl,10,2,1,1790180081,1790180141
grpc,xl,200,2,1,1790180178,1790180244
grpc,xl,200,1,1,1790180276,1790180341
grpc,xs,200,1,1,1790180357,1790180421
grpc,xs,10,1,1,1790180436,1790180498
