protocol,payload_class,concurrency,rep,block,start_ts,end_ts,gen_cpu_pct,gen_rss_mb,cpu_percent
rest,xl,100,1,1,1790869858,1790869874,39.1,76,
rest,xs,500,1,1,1790869881,1790869896,428.7,336,
rest,xl,500,1,1,1790869906,1790869923,43.5,206,
rest,xs,10,1,1,1790869930,1790869945,59.3,57,
rest,md,100,1,1,1790869953,1790869968,63.3,83,
rest,sm,100,1,1,1790869975,1790869991,132.8,111,
rest,lg,10,1,1,1790869998,1790870013,44.4,44,
rest,md,500,1,1,1790870021,1790870037,62.2,223,
rest,lg,500,1,1,1790870045,1790870062,47.7,221,
rest,xl,10,1,1,1790870069,1790870084,44.7,43,
rest,sm,500,1,1,1790870092,1790870107,144.2,272,
rest,xs,100,1,1,1790870114,1790870130,354.9,212,
rest,md,10,1,1,1790870137,1790870155,53.3,47,
rest,lg,100,1,1,1790870163,1790870178,43.4,80,
rest,sm,10,1,1,1790870185,1790870201,74.8,59,
grpc,xl,100,1,1,1790870208,1790870224,410.3,756,
grpc,xs,500,1,1,1790870231,1790870248,482.5,469,
grpc,xl,500,1,1,1790870256,1790870273,347.1,3150,
grpc,xs,10,1,1,1790870280,1790870295,55.8,129,
grpc,md,100,1,1,1790870303,1790870318,437.7,225,
grpc,sm,100,1,1,1790870325,1790870340,421.0,169,
grpc,lg,10,1,1,1790870347,1790870362,483.8,167,
grpc,md,500,1,1,1790870370,1790870385,406.5,615,
grpc,lg,500,1,1,1790870393,1790870408,378.6,1608,
grpc,xl,10,1,1,1790870415,1790870431,468.0,217,
grpc,sm,500,1,1,1790870438,1790870453,264.7,172,
grpc,xs,100,1,1,1790870460,1790870477,347.6,336,
grpc,md,10,1,1,1790870484,1790870499,455.4,138,
grpc,lg,100,1,1,1790870506,1790870521,433.3,426,
grpc,sm,10,1,1,1790870528,1790870543,152.4,132,
grpc,xs,100,2,2,1790870551,1790870567,347.0,417,
grpc,xl,100,2,2,1790870575,1790870590,408.1,709,
grpc,lg,500,2,2,1790870598,1790870613,373.3,1624,
grpc,md,100,2,2,1790870620,1790870636,437.2,229,
grpc,lg,100,2,2,1790870643,1790870658,427.1,446,
grpc,sm,10,2,2,1790870665,1790870680,152.7,130,
grpc,lg,10,2,2,1790870687,1790870702,497.1,169,
grpc,md,10,2,2,1790870709,1790870724,455.6,149,
grpc,sm,100,2,2,1790870732,1790870747,398.1,214,
grpc,sm,500,2,2,1790870754,1790870769,262.7,208,
grpc,xs,10,2,2,1790870777,1790870792,56.0,129,
grpc,xs,500,2,2,1790870799,1790870816,477.8,486,
grpc,xl,500,2,2,1790870824,1790870841,345.9,2935,
grpc,xl,10,2,2,1790870848,1790870863,488.6,216,
grpc,md,500,2,2,1790870871,1790870886,403.6,614,
rest,xs,100,2,2,1790870894,1790870909,348.5,207,
rest,xl,100,2,2,1790870917,1790870932,38.3,78,
rest,lg,500,2,2,1790870941,1790870957,47.4,221,
rest,md,100,2,2,1790870965,1790870980,63.2,82,
rest,lg,100,2,2,1790870988,1790871003,44.1,80,
rest,sm,10,2,2,1790871010,1790871026,74.3,58,
rest,lg,10,2,2,1790871033,1790871048,44.5,44,
rest,md,10,2,2,1790871055,1790871071,63.2,46,
rest,sm,100,2,2,1790871078,1790871093,134.9,110,
rest,sm,500,2,2,1790871101,1790871116,144.6,273,
rest,xs,10,2,2,1790871123,1790871139,57.6,57,
rest,xs,500,2,2,1790871146,1790871161,430.9,338,
rest,xl,500,2,2,1790871171,1790871188,43.8,206,
rest,xl,10,2,2,1790871195,1790871210,45.0,43,
rest,md,500,2,2,1790871218,1790871234,61.8,223,
