p50_ms,p95_ms,p99_ms,mean_ms,requests,rps,error_rate,protocol,payload_class,concurrency,rep,records,payload_bytes,protobuf_bytes,block,cpu_percent,gen_cpu_pct,gen_rss_mb,throughput_rps,combo_id,protocol_code,little_ratio
35.142122,44.87855,50.014381,34.046444,17570,292.6973382617836,0.0,grpc,xl,10,1,3000,3013406,2894861,1,,499.7,216,292.6973382617836,grpc_xl_10,1,1.003481726752779
35.182037,45.313249,50.560026,34.207527,17487,291.3041647455684,0.0,grpc,xl,10,2,3000,3013406,2894861,1,,497.9,229,291.3041647455684,grpc_xl_10,1,1.0035329295753952
32.845772,43.184509,48.014719,32.179018,18586,309.6256308707357,0.0,grpc,xl,10,3,3000,3013406,2894861,1,,493.9,219,309.6256308707357,grpc_xl_10,1,1.0036685340457765
2070.269758,2468.167042,2826.563402,2071.718035,14515,237.05791413441372,0.0,grpc,xl,500,1,3000,3013406,2894861,1,,381.5,3059,237.05791413441372,grpc_xl_500,1,1.0180870161809574
1976.483856,2525.043812,2739.516814,2056.792324,14599,238.61103443554882,0.0,grpc,xl,500,2,3000,3013406,2894861,1,,380.9,3134,238.61103443554882,grpc_xl_500,1,1.0188002385686767
1966.363548,2406.554838,2693.274499,2029.510131,14851,242.23924750749265,0.0,grpc,xl,500,3,3000,3013406,2894861,1,,388.6,3042,242.23924750749265,grpc_xl_500,1,1.017031190189904
2.404582,2.722536,2.858161,2.412357,237051,3950.7708229970135,0.0,grpc,xs,10,1,1,992,953,1,,55.9,255,3950.7708229970135,grpc_xs_10,1,1.0492442154612875
2.423931,2.761319,2.934438,2.439413,233795,3896.4234187261764,0.0,grpc,xs,10,2,1,992,953,1,,59.4,270,3896.4234187261764,grpc_xs_10,1,1.0520794098928763
2.377858,2.700012,2.834639,2.390271,239273,3987.7822782115277,0.0,grpc,xs,10,3,1,992,953,1,,56.6,249,3987.7822782115277,grpc_xs_10,1,1.0491109466000184
8.357602,14.950442,18.205188,9.182372,2572969,42878.35962340694,0.0,grpc,xs,500,1,1,992,953,1,,511.1,733,42878.35962340694,grpc_xs_500,1,1.2699217423651121
8.008223,14.507397,17.780166,8.89115,2646362,44101.43363392292,0.0,grpc,xs,500,2,1,992,953,1,,513.5,646,44101.43363392292,grpc_xs_500,1,1.275144375393191
8.12042,14.712559,17.956341,9.200353,2563507,42721.052939004614,0.0,grpc,xs,500,3,1,992,953,1,,514.3,621,42721.052939004614,grpc_xs_500,1,1.2721067746644912
55.628536,65.3153865,67.10147348,55.20645632315762,10843,180.55073217226476,0.0,rest,xl,10,1,3000,3013406,2894861,1,,44.8,45,180.55073217226476,rest_xl_10,0,1.0032539428242073
54.987782,64.8282216,66.6987594,54.55381779686535,10973,182.7221685495978,0.0,rest,xl,10,2,3000,3013406,2894861,1,,44.7,45,182.7221685495978,rest_xl_10,0,1.0031909607927416
55.795601000000005,65.24052139999999,67.32174105,55.37286900000042,10810,180.0077499537547,0.0,rest,xl,10,3,3000,3013406,2894861,1,,44.8,45,180.0077499537547,rest_xl_10,0,1.0032560114864537
1896.149538,3629.692159,3661.0342274,2088.6849931957872,14561,235.2485454353464,0.0,rest,xl,500,1,3000,3013406,2894861,1,,41.2,237,235.2485454353464,rest_xl_500,0,1.0175836283071726
1902.388424,3615.671848,3650.1116756,2095.800461479992,14521,234.32642304985552,0.0,rest,xl,500,2,3000,3013406,2894861,1,,41.3,238,234.32642304985552,rest_xl_500,0,1.0181196265617072
1873.319828,3602.0340447999997,3635.6103104199997,2093.616925468831,14519,234.4740692268952,0.0,rest,xl,500,3,3000,3013406,2894861,1,,41.2,241,234.4740692268952,rest_xl_500,0,1.0185397043166222
2.276771,2.5410638999999997,2.62827126,2.2882543230058268,254788,4246.308291469373,0.0,rest,xs,10,1,1,992,953,1,,57.4,93,4246.308291469373,rest_xs_10,0,1.029163053327391
2.276148,2.549781,2.6488058800000003,2.28857858541956,254807,4246.565581553024,0.0,rest,xs,10,2,1,992,953,1,,57.4,92,4246.565581553024,rest_xs_10,0,1.0289548881465502
2.279533,2.5428496000000003,2.63084048,2.2906441384204577,254565,4242.582978912513,0.0,rest,xs,10,3,1,992,953,1,,57.4,90,4242.582978912513,rest_xs_10,0,1.0289920747495307
9.467621,17.630840250000006,29.08940208000001,10.13032994374348,2846704,47437.561103655105,0.0,rest,xs,500,1,1,992,953,1,,414.7,773,47437.561103655105,rest_xs_500,0,1.040456819777549
9.4420425,17.75475175,29.15500485,10.11413657781238,2850256,47495.917796239715,0.0,rest,xs,500,2,1,992,953,1,,414.7,781,47495.917796239715,rest_xs_500,0,1.0408422340086694
9.418382000000001,17.3179898,28.66420863999997,10.047857564898461,2869240,47810.036624558925,0.0,rest,xs,500,3,1,992,953,1,,416.7,756,47810.036624558925,rest_xs_500,0,1.0408243834891422
